ID Number,first_name,last_name,Username
399309,Lezley,Justun,ljustun0
904513,Patricia,Birts,pbirts1
588405,Kean,Downham,kdownham2
361879,Netti,Serridge,nserridge3
294954,Roseanna,Sopper,rsopper4
137917,Suzann,Crocken,scrocken5
529169,Sandye,Knapton,sknapton6
135020,Jocko,Sans,jsans7
480738,Cathleen,Fayne,cfayne8
595605,Natasha,Pauling,npauling9
397345,Stu,Symington,ssymingtona
566727,Dorry,McKeand,dmckeandb
502891,Mady,Krout,mkroutc
269347,Darcee,Maude,dmauded
767316,Hammad,Kohrs,hkohrse
236758,Melva,Prazer,mprazerf
541113,Ianthe,Maccari,imaccarig
891605,Rochester,La Grange,rlagrangeh
735084,Dedra,Ciccone,dcicconei
486876,Adan,Jarvie,ajarviej
443774,Emelda,Talbot,etalbotk
313706,Kerry,Ellerker,kellerkerl
636237,Madelle,Wabersinke,mwabersinkem
637834,Giorgi,Hazley,ghazleyn
437256,Adair,Scurry,ascurryo
580219,Kare,Willock,kwillockp
177185,Dulsea,Hayselden,dhayseldenq
475035,Richard,Blizard,rblizardr
361231,Mariska,Vardon,mvardons
520187,Yettie,Fireman,yfiremant
649662,Rhodia,Biaggiotti,rbiaggiottiu
370998,Lynn,Teather,lteatherv
745881,Orsa,Bougourd,obougourdw
126827,Cathi,Standish,cstandishx
318368,Chery,Spanswick,cspanswicky
853590,Flori,Jacquest,fjacquestz
694599,Phedra,Cushworth,pcushworth10
539612,Sven,Severs,ssevers11
476300,Mylo,Extill,mextill12
872880,Modesta,Auston,mauston13
537000,Rodi,Lauret,rlauret14
686580,Merill,O'Lunny,molunny15
644068,Jonell,Roderham,jroderham16
199736,Beniamino,Skeeles,bskeeles17
407982,Inesita,Nason,inason18
954636,Ronnie,Godbehere,rgodbehere19
882345,Marc,Merali,mmerali1a
228808,Tessie,Greenhowe,tgreenhowe1b
424328,Kathryne,Playdon,kplaydon1c
701430,Jamal,Origan,jorigan1d
